--
-- PostgreSQL database dump
--

-- Dumped from database version 12.6 (Ubuntu 12.6-0ubuntu0.20.04.1)
-- Dumped by pg_dump version 12.6 (Ubuntu 12.6-0ubuntu0.20.04.1)

SET statement_timeout = 0;
SET lock_timeout = 0;
SET idle_in_transaction_session_timeout = 0;
SET client_encoding = 'UTF8';
SET standard_conforming_strings = on;
SELECT pg_catalog.set_config('search_path', '', false);
SET check_function_bodies = false;
SET xmloption = content;
SET client_min_messages = warning;
SET row_security = off;

SET default_tablespace = '';

SET default_table_access_method = heap;

--
-- Name: academicterms; Type: TABLE; Schema: public; Owner: postgres
--

CREATE TABLE public.academicterms (
    id integer NOT NULL,
    denomination text NOT NULL,
    description text,
    uci_uri text,
    CONSTRAINT academicterms_denomination_check CHECK ((denomination <> ''::text))
);


ALTER TABLE public.academicterms OWNER TO postgres;

--
-- Name: academicterms_id_seq; Type: SEQUENCE; Schema: public; Owner: postgres
--

ALTER TABLE public.academicterms ALTER COLUMN id ADD GENERATED BY DEFAULT AS IDENTITY (
    SEQUENCE NAME public.academicterms_id_seq
    START WITH 1
    INCREMENT BY 1
    NO MINVALUE
    NO MAXVALUE
    CACHE 1
);


--
-- Name: assessmentmethods; Type: TABLE; Schema: public; Owner: postgres
--

CREATE TABLE public.assessmentmethods (
    id integer NOT NULL,
    denomination text NOT NULL,
    description text,
    uri text,
    CONSTRAINT assessmentmethods_denomination_check CHECK ((denomination <> ''::text))
);


ALTER TABLE public.assessmentmethods OWNER TO postgres;

--
-- Name: assessmentmethods_id_seq; Type: SEQUENCE; Schema: public; Owner: postgres
--

ALTER TABLE public.assessmentmethods ALTER COLUMN id ADD GENERATED BY DEFAULT AS IDENTITY (
    SEQUENCE NAME public.assessmentmethods_id_seq
    START WITH 1
    INCREMENT BY 1
    NO MINVALUE
    NO MAXVALUE
    CACHE 1
);


--
-- Name: buildings; Type: TABLE; Schema: public; Owner: postgres
--

CREATE TABLE public.buildings (
    id integer NOT NULL,
    denomination text NOT NULL,
    description text,
    uri text,
    CONSTRAINT buildings_denomination_check CHECK ((denomination <> ''::text))
);


ALTER TABLE public.buildings OWNER TO postgres;

--
-- Name: buildings_id_seq; Type: SEQUENCE; Schema: public; Owner: postgres
--

ALTER TABLE public.buildings ALTER COLUMN id ADD GENERATED BY DEFAULT AS IDENTITY (
    SEQUENCE NAME public.buildings_id_seq
    START WITH 1
    INCREMENT BY 1
    NO MINVALUE
    NO MAXVALUE
    CACHE 1
);


--
-- Name: courses; Type: TABLE; Schema: public; Owner: postgres
--

CREATE TABLE public.courses (
    id integer NOT NULL,
    denomination text NOT NULL,
    description text,
    numberofcredits integer,
    level character varying,
    weeklyhours integer,
    startdate date,
    enddate date,
    languageid integer,
    subjectid integer,
    universityid integer,
    facultyid integer,
    departmentid integer,
    teachingmethodid integer,
    buildingid integer,
    roomid integer,
    lonposition numeric,
    latposition numeric,
    country text,
    assessmentmethodid integer,
    uri text,
    teachinglevel text,
    license text,
    CONSTRAINT courses_denomination_check CHECK ((denomination <> ''::text))
);


ALTER TABLE public.courses OWNER TO postgres;

--
-- Name: courses_academicterms; Type: TABLE; Schema: public; Owner: postgres
--

CREATE TABLE public.courses_academicterms (
    id integer NOT NULL,
    courseid integer,
    academictermid integer
);


ALTER TABLE public.courses_academicterms OWNER TO postgres;

--
-- Name: courses_academicterms_id_seq; Type: SEQUENCE; Schema: public; Owner: postgres
--

ALTER TABLE public.courses_academicterms ALTER COLUMN id ADD GENERATED BY DEFAULT AS IDENTITY (
    SEQUENCE NAME public.courses_academicterms_id_seq
    START WITH 1
    INCREMENT BY 1
    NO MINVALUE
    NO MAXVALUE
    CACHE 1
);


--
-- Name: courses_id_seq; Type: SEQUENCE; Schema: public; Owner: postgres
--

ALTER TABLE public.courses ALTER COLUMN id ADD GENERATED BY DEFAULT AS IDENTITY (
    SEQUENCE NAME public.courses_id_seq
    START WITH 1
    INCREMENT BY 1
    NO MINVALUE
    NO MAXVALUE
    CACHE 1
);


--
-- Name: courses_materials; Type: TABLE; Schema: public; Owner: postgres
--

CREATE TABLE public.courses_materials (
    id integer NOT NULL,
    courseid integer,
    materialid integer
);


ALTER TABLE public.courses_materials OWNER TO postgres;

--
-- Name: courses_materials_id_seq; Type: SEQUENCE; Schema: public; Owner: postgres
--

ALTER TABLE public.courses_materials ALTER COLUMN id ADD GENERATED BY DEFAULT AS IDENTITY (
    SEQUENCE NAME public.courses_materials_id_seq
    START WITH 1
    INCREMENT BY 1
    NO MINVALUE
    NO MAXVALUE
    CACHE 1
);


--
-- Name: courses_students; Type: TABLE; Schema: public; Owner: postgres
--

CREATE TABLE public.courses_students (
    id integer NOT NULL,
    courseid integer,
    studentid integer
);


ALTER TABLE public.courses_students OWNER TO postgres;

--
-- Name: courses_students_id_seq; Type: SEQUENCE; Schema: public; Owner: postgres
--

ALTER TABLE public.courses_students ALTER COLUMN id ADD GENERATED BY DEFAULT AS IDENTITY (
    SEQUENCE NAME public.courses_students_id_seq
    START WITH 1
    INCREMENT BY 1
    NO MINVALUE
    NO MAXVALUE
    CACHE 1
);


--
-- Name: courses_teachers; Type: TABLE; Schema: public; Owner: postgres
--

CREATE TABLE public.courses_teachers (
    id integer NOT NULL,
    courseid integer,
    teacherid integer
);


ALTER TABLE public.courses_teachers OWNER TO postgres;

--
-- Name: courses_teachers_id_seq; Type: SEQUENCE; Schema: public; Owner: postgres
--

ALTER TABLE public.courses_teachers ALTER COLUMN id ADD GENERATED BY DEFAULT AS IDENTITY (
    SEQUENCE NAME public.courses_teachers_id_seq
    START WITH 1
    INCREMENT BY 1
    NO MINVALUE
    NO MAXVALUE
    CACHE 1
);


--
-- Name: departments; Type: TABLE; Schema: public; Owner: postgres
--

CREATE TABLE public.departments (
    id integer NOT NULL,
    denomination text NOT NULL,
    description text,
    uri text,
    CONSTRAINT departments_denomination_check CHECK ((denomination <> ''::text))
);


ALTER TABLE public.departments OWNER TO postgres;

--
-- Name: departments_id_seq; Type: SEQUENCE; Schema: public; Owner: postgres
--

ALTER TABLE public.departments ALTER COLUMN id ADD GENERATED BY DEFAULT AS IDENTITY (
    SEQUENCE NAME public.departments_id_seq
    START WITH 1
    INCREMENT BY 1
    NO MINVALUE
    NO MAXVALUE
    CACHE 1
);


--
-- Name: faculties; Type: TABLE; Schema: public; Owner: postgres
--

CREATE TABLE public.faculties (
    id integer NOT NULL,
    denomination text NOT NULL,
    description text,
    uri text,
    CONSTRAINT faculties_denomination_check CHECK ((denomination <> ''::text))
);


ALTER TABLE public.faculties OWNER TO postgres;

--
-- Name: faculties_id_seq; Type: SEQUENCE; Schema: public; Owner: postgres
--

ALTER TABLE public.faculties ALTER COLUMN id ADD GENERATED BY DEFAULT AS IDENTITY (
    SEQUENCE NAME public.faculties_id_seq
    START WITH 1
    INCREMENT BY 1
    NO MINVALUE
    NO MAXVALUE
    CACHE 1
);


--
-- Name: languages; Type: TABLE; Schema: public; Owner: postgres
--

CREATE TABLE public.languages (
    id integer NOT NULL,
    denomination text,
    description text,
    uri text
);


ALTER TABLE public.languages OWNER TO postgres;

--
-- Name: languages_id_seq; Type: SEQUENCE; Schema: public; Owner: postgres
--

ALTER TABLE public.languages ALTER COLUMN id ADD GENERATED BY DEFAULT AS IDENTITY (
    SEQUENCE NAME public.languages_id_seq
    START WITH 1
    INCREMENT BY 1
    NO MINVALUE
    NO MAXVALUE
    CACHE 1
);


--
-- Name: materials; Type: TABLE; Schema: public; Owner: postgres
--

CREATE TABLE public.materials (
    id integer NOT NULL,
    denomination text NOT NULL,
    description text,
    uri text,
    extension text,
    dir text,
    CONSTRAINT materials_denomination_check CHECK ((denomination <> ''::text))
);


ALTER TABLE public.materials OWNER TO postgres;

--
-- Name: materials_id_seq; Type: SEQUENCE; Schema: public; Owner: postgres
--

ALTER TABLE public.materials ALTER COLUMN id ADD GENERATED BY DEFAULT AS IDENTITY (
    SEQUENCE NAME public.materials_id_seq
    START WITH 1
    INCREMENT BY 1
    NO MINVALUE
    NO MAXVALUE
    CACHE 1
);


--
-- Name: rooms; Type: TABLE; Schema: public; Owner: postgres
--

CREATE TABLE public.rooms (
    id integer NOT NULL,
    denomination text NOT NULL,
    description text,
    uri text,
    CONSTRAINT rooms_denomination_check CHECK ((denomination <> ''::text))
);


ALTER TABLE public.rooms OWNER TO postgres;

--
-- Name: rooms_id_seq; Type: SEQUENCE; Schema: public; Owner: postgres
--

ALTER TABLE public.rooms ALTER COLUMN id ADD GENERATED BY DEFAULT AS IDENTITY (
    SEQUENCE NAME public.rooms_id_seq
    START WITH 1
    INCREMENT BY 1
    NO MINVALUE
    NO MAXVALUE
    CACHE 1
);


--
-- Name: students; Type: TABLE; Schema: public; Owner: postgres
--

CREATE TABLE public.students (
    id integer NOT NULL,
    name text NOT NULL,
    username text,
    faculty text,
    uri text,
    CONSTRAINT students_name_check CHECK ((name <> ''::text))
);


ALTER TABLE public.students OWNER TO postgres;

--
-- Name: students_id_seq; Type: SEQUENCE; Schema: public; Owner: postgres
--

ALTER TABLE public.students ALTER COLUMN id ADD GENERATED BY DEFAULT AS IDENTITY (
    SEQUENCE NAME public.students_id_seq
    START WITH 1
    INCREMENT BY 1
    NO MINVALUE
    NO MAXVALUE
    CACHE 1
);


--
-- Name: subjects; Type: TABLE; Schema: public; Owner: postgres
--

CREATE TABLE public.subjects (
    id integer NOT NULL,
    denomination text NOT NULL,
    description text,
    code_acm_ccs text,
    uci_uri text,
    ou_cso_uri text,
    CONSTRAINT subjects_denomination_check CHECK ((denomination <> ''::text))
);


ALTER TABLE public.subjects OWNER TO postgres;

--
-- Name: subjects_id_seq; Type: SEQUENCE; Schema: public; Owner: postgres
--

ALTER TABLE public.subjects ALTER COLUMN id ADD GENERATED BY DEFAULT AS IDENTITY (
    SEQUENCE NAME public.subjects_id_seq
    START WITH 1
    INCREMENT BY 1
    NO MINVALUE
    NO MAXVALUE
    CACHE 1
);


--
-- Name: teachers; Type: TABLE; Schema: public; Owner: postgres
--

CREATE TABLE public.teachers (
    id integer NOT NULL,
    name text NOT NULL,
    username text,
    uri text,
    CONSTRAINT teachers_name_check CHECK ((name <> ''::text))
);


ALTER TABLE public.teachers OWNER TO postgres;

--
-- Name: teachers_id_seq; Type: SEQUENCE; Schema: public; Owner: postgres
--

ALTER TABLE public.teachers ALTER COLUMN id ADD GENERATED BY DEFAULT AS IDENTITY (
    SEQUENCE NAME public.teachers_id_seq
    START WITH 1
    INCREMENT BY 1
    NO MINVALUE
    NO MAXVALUE
    CACHE 1
);


--
-- Name: teachingmethods; Type: TABLE; Schema: public; Owner: postgres
--

CREATE TABLE public.teachingmethods (
    id integer NOT NULL,
    denomination text NOT NULL,
    description text,
    uri text,
    uri_ac_uk text,
    CONSTRAINT teachingmethods_denomination_check CHECK ((denomination <> ''::text))
);


ALTER TABLE public.teachingmethods OWNER TO postgres;

--
-- Name: teachingmethods_id_seq; Type: SEQUENCE; Schema: public; Owner: postgres
--

ALTER TABLE public.teachingmethods ALTER COLUMN id ADD GENERATED BY DEFAULT AS IDENTITY (
    SEQUENCE NAME public.teachingmethods_id_seq
    START WITH 1
    INCREMENT BY 1
    NO MINVALUE
    NO MAXVALUE
    CACHE 1
);


--
-- Name: universities; Type: TABLE; Schema: public; Owner: postgres
--

CREATE TABLE public.universities (
    id integer NOT NULL,
    denomination text NOT NULL,
    description text,
    uri text,
    uri_red text,
    CONSTRAINT universities_denomination_check CHECK ((denomination <> ''::text))
);


ALTER TABLE public.universities OWNER TO postgres;

--
-- Name: universities_id_seq; Type: SEQUENCE; Schema: public; Owner: postgres
--

ALTER TABLE public.universities ALTER COLUMN id ADD GENERATED BY DEFAULT AS IDENTITY (
    SEQUENCE NAME public.universities_id_seq
    START WITH 1
    INCREMENT BY 1
    NO MINVALUE
    NO MAXVALUE
    CACHE 1
);


--
-- Data for Name: academicterms; Type: TABLE DATA; Schema: public; Owner: postgres
--

COPY public.academicterms (id, denomination, description, uci_uri) FROM stdin;
10	educational informatics	educational informatics	http://localhost:3000/ld/academicterms/educational_informatics
11	knowledge management	knowledge management	http://localhost:3000/ld/academicterms/knowledge_management
12	business management	business management	http://localhost:3000/ld/academicterms/business_management
13	software quality	software quality	http://localhost:3000/ld/academicterms/software_quality
14	english teaching	english teaching	http://localhost:3000/ld/academicterms/english_teaching
15	video games	video games	http://localhost:3000/ld/academicterms/video_games
16	postgres	postgres	http://localhost:3000/ld/academicterms/postgres
17	web positioning	web positioning	http://localhost:3000/ld/academicterms/web_positioning
18	cybersecurity	cybersecurity	http://localhost:3000/ld/academicterms/cybersecurity
19	neural network	neural network	http://localhost:3000/ld/academicterms/neural_network
20	word computing	word computing	http://localhost:3000/ld/academicterms/word_computing
21	cryptography	cryptography	http://localhost:3000/ld/academicterms/cryptography
22	artificial intelligence	artificial intelligence	http://localhost:3000/ld/academicterms/artificial_intelligence
\.


--
-- Data for Name: assessmentmethods; Type: TABLE DATA; Schema: public; Owner: postgres
--

COPY public.assessmentmethods (id, denomination, description, uri) FROM stdin;
5	Discussion	Discussion	http://localhost:3000/ld/assessmentmethods/discussion
6	Exam	Exam	http://localhost:3000/ld/assessmentmethods/exam
7	Written assignment	Written assignment	http://localhost:3000/ld/assessmentmethods/written_assignment
8	Final/Midterm	Final/Midterm	http://localhost:3000/ld/assessmentmethods/final_midterm
9	Experiential Assignment	Experiential Assignment	http://localhost:3000/ld/assessmentmethods/experiential_assignment
10	Problem Assignment	Problem Assignment	http://localhost:3000/ld/assessmentmethods/problem_assignment
11	Quiz	Quiz	http://localhost:3000/ld/assessmentmethods/quiz
12	Paper	Paper	http://localhost:3000/ld/assessmentmethods/paper
13	Journal	Journal	http://localhost:3000/ld/assessmentmethods/journal
14	Presentation	Presentation	http://localhost:3000/ld/assessmentmethods/presentation
15	Pretest	Pretest	http://localhost:3000/ld/assessmentmethods/pretest
16	Project	Project	http://localhost:3000/ld/assessmentmethods/project
17	Peer Review	Peer Review	http://localhost:3000/ld/assessmentmethods/peer_review
18	Form	Form	http://localhost:3000/ld/assessmentmethods/form
19	Group Project	Group Project	http://localhost:3000/ld/assessmentmethods/group_project
20	7777777777777777	wwwwwwwwwwwww	wwwwwwwwwwwwwwwwww
\.


--
-- Data for Name: buildings; Type: TABLE DATA; Schema: public; Owner: postgres
--

COPY public.buildings (id, denomination, description, uri) FROM stdin;
6	building 1	building 1 (b1)	http://localhost:3000/ld/buildings/b1
7	building 2	building 2 (b2)	http://localhost:3000/ld/buildings/b2
8	building 3	building 3 (b3)/Chinesse	http://localhost:3000/ld/buildings/b3
9	building 4	building 4 (b4)	http://localhost:3000/ld/buildings/b4
10	building 5	building 5 (b5)	http://localhost:3000/ld/buildings/b5
11	building 6	building 6 (b6)	http://localhost:3000/ld/buildings/b6
12	rectorate building 1	rectorate building 1	http://localhost:3000/ld/buildings/rb1
13	777777777777777	333333333333	33333333333333
\.


--
-- Data for Name: courses; Type: TABLE DATA; Schema: public; Owner: postgres
--

COPY public.courses (id, denomination, description, numberofcredits, level, weeklyhours, startdate, enddate, languageid, subjectid, universityid, facultyid, departmentid, teachingmethodid, buildingid, roomid, lonposition, latposition, country, assessmentmethodid, uri, teachinglevel, license) FROM stdin;
19	Aseguramiento de la calidad del proceso y del producto (PPQA)	Aseguramiento de la calidad del proceso y del producto (PPQA)	2	basic	40	2020-11-28	2020-12-05	8	24	12	10	7	6	8	7	77.7812	21.5218	https://www.geonames.org/countries/CU/cuba.html	6	http://localhost:3000/ld/courses/00008	postgraduate	http://creativecommons.org/licenses/by/3.0/
20	Sintetico 00009	Sintetico 00009	2	basic	40	2016-01-10	2016-01-15	8	21	12	8	7	6	6	7	77.7812	21.5218	https://www.geonames.org/countries/CU/cuba.html	5	http://localhost:3000/ld/courses/00009	postgraduate	http:creativecommons.org/licenses/by/3.0/
10	Diseño y produccion de recursos educativos digitales	Diseño y produccion de recursos educativos digitales	2	basic	40	2020-11-25	2020-12-05	8	21	12	8	10	6	6	7	77.7812	21.5218	https://www.geonames.org/countries/CU/cuba.html	6	http://localhost:3000/ld/courses/00001	postgraduate	http://creativecommons.org/licenses/by/3.0/
11	Diseño didáctico de Entornos Virtuales de Enseñanza-Aprendizaje	Diseño didáctico de Entornos Virtuales de Enseñanza-Aprendizaje	2	basic	40	2020-11-25	2020-12-05	8	21	12	8	10	6	6	7	77.7812	21.5218	https://www.geonames.org/countries/CU/cuba.html	6	http://localhost:3000/ld/courses/00002	postgraduate	http://creativecommons.org/licenses/by/3.0/
12	Gestion del conocimiento en la red	Gestion del conocimiento en la red	2	basic	40	2020-11-26	2020-12-05	8	22	12	8	10	6	6	7	77.7812	21.5218	https://www.geonames.org/countries/CU/cuba.html	6	http://localhost:3000/ld/courses/00003	postgraduate	http://creativecommons.org/licenses/by/3.0/
13	Buenas prácticas para la investigacion cientifica	Buenas prácticas para la investigacion cientifica	2	basic	40	2020-11-26	2020-12-05	8	22	12	9	13	6	7	7	77.7812	21.5218	https://www.geonames.org/countries/CU/cuba.html	6	http://localhost:3000/ld/courses/00004	postgraduate	http:creativecommons.org/licenses/by/3.0/
14	Métodos de evaluación de criterios de expertos	Métodos de evaluación de criterios de expertos	2	basic	40	2020-11-27	2020-12-05	8	22	12	9	13	6	7	7	77.7812	21.5218	https://www.geonames.org/countries/CU/cuba.html	6	http://localhost:3000/ld/courses/00005	postgraduate	http://creativecommons.org/licenses/by/3.0/
15	Introducción al diseño de proyectos con el Enfoque del Marco Lógico	Introducción al diseño de proyectos con el Enfoque del Marco Lógico	2	basic	40	2020-10-27	2020-12-05	8	22	12	11	19	6	9	7	77.7812	21.5218	https://www.geonames.org/countries/CU/cuba.html	6	http://localhost:3000/ld/courses/00006	postgraduate	http:creativecommons.org/licenses/by/3.0/
18	Sostenibilidad Corporativa	Sostenibilidad Corporativa	2	basic	40	2020-10-28	2020-12-05	8	23	12	10	9	6	8	7	77.7812	21.5218	https://www.geonames.org/countries/CU/cuba.html	6	http://localhost:3000/ld/courses/00007	postgraduate	http://creativecommons.org/licenses/by/3.0/
22	Sintetico 00011	Sintetico 00011	2	basic	40	2016-01-10	2016-01-15	8	23	12	10	9	7	8	7	77.7812	21.5218	https://www.geonames.org/countries/CU/cuba.html	6	http://localhost:3000/ld/courses/00011	postgraduate	http:creativecommons.org/licenses/by/3.0/
23	Sintetico 00012	Sintetico 00012	3	basic	80	2016-01-10	2016-01-22	9	24	12	11	10	8	9	7	77.7812	21.5218	https://www.geonames.org/countries/CU/cuba.html	5	http://localhost:3000/ld/courses/00012	postgraduate	http:creativecommons.org/licenses/by/3.0/
24	Sintetico 00013	Sintetico 00013	2	basic	40	2016-01-10	2016-01-15	8	25	12	12	11	6	10	7	77.7812	21.5218	https://www.geonames.org/countries/CU/cuba.html	5	http://localhost:3000/ld/courses/00013	postgraduate	http:creativecommons.org/licenses/by/3.0/
25	Sintetico 00014	Sintetico 00014	3	basic	80	2016-01-10	2016-01-22	8	26	12	13	12	6	11	7	77.7812	21.5218	https://www.geonames.org/countries/CU/cuba.html	6	http://localhost:3000/ld/courses/00014	postgraduate	http:creativecommons.org/licenses/by/3.0/
26	Sintetico 00015	Sintetico 00015	2	basic	40	2016-01-10	2016-01-15	8	26	12	8	13	7	12	7	77.7812	21.5218	https://www.geonames.org/countries/CU/cuba.html	5	http://localhost:3000/ld/courses/00015	postgraduate	http:creativecommons.org/licenses/by/3.0/
27	Sintetico 00016	Sintetico 00016	3	basic	80	2016-01-10	2016-01-22	9	27	12	9	14	8	6	7	77.7812	21.5218	https://www.geonames.org/countries/CU/cuba.html	5	http://localhost:3000/ld/courses/00016	postgraduate	http:creativecommons.org/licenses/by/3.0/
28	Sintetico 00017	Sintetico 00017	2	basic	40	2016-01-10	2016-01-15	8	28	12	10	15	6	7	7	77.7812	21.5218	https://www.geonames.org/countries/CU/cuba.html	6	http://localhost:3000/ld/courses/00017	postgraduate	http:creativecommons.org/licenses/by/3.0/
29	Sintetico 00018	Sintetico 00018	3	basic	80	2016-01-10	2016-01-22	8	29	12	11	16	6	8	7	77.7812	21.5218	https://www.geonames.org/countries/CU/cuba.html	5	http://localhost:3000/ld/courses/00018	postgraduate	http:creativecommons.org/licenses/by/3.0/
30	Sintetico 00019	Sintetico 00019	2	basic	40	2016-01-10	2016-01-15	8	30	12	12	17	7	9	7	77.7812	21.5218	https://www.geonames.org/countries/CU/cuba.html	5	http://localhost:3000/ld/courses/00019	postgraduate	http:creativecommons.org/licenses/by/3.0/
31	Sintetico 00020	Sintetico 00020	3	basic	80	2016-01-10	2016-01-22	8	31	12	13	18	8	10	7	77.7812	21.5218	https://www.geonames.org/countries/CU/cuba.html	6	http://localhost:3000/ld/courses/00020	postgraduate	http:creativecommons.org/licenses/by/3.0/
32	Sintetico 00021	Sintetico 00021	2	basic	40	2016-01-10	2016-01-15	9	32	12	8	19	6	11	7	77.7812	21.5218	https://www.geonames.org/countries/CU/cuba.html	5	http://localhost:3000/ld/courses/00021	postgraduate	http:creativecommons.org/licenses/by/3.0/
21	Sintetico 00010	Sintetico 00010	3	basic	80	2016-01-10	2016-01-22	8	22	12	9	8	6	7	7	77.7812	21.5218	https://www.geonames.org/countries/CU/cuba.html	5	http://localhost:3000/ld/courses/00010	postgraduate	http:creativecommons.org/licenses/by/3.0/
33	Sintetico 00022	Sintetico 00022	3	basic	80	2016-01-10	2016-01-22	8	21	12	9	7	6	12	7	77.7812	21.5218	https://www.geonames.org/countries/CU/cuba.html	5	http://localhost:3000/ld/courses/00022	postgraduate	http:creativecommons.org/licenses/by/3.0/
46	Sintetico 00035	Sintetico 00035	2	basic	40	2019-01-10	2019-01-15	8	22	12	10	7	7	11	7	77.7812	21.5218	https://www.geonames.org/countries/CU/cuba.html	6	http://localhost:3000/ld.uci.cu/courses/00035	postgraduate	http:creativecommons.org/licenses/by/3.0/
34	Sintetico 00023	Sintetico 00023	2	basic	40	2016-01-10	2016-01-15	8	22	12	10	8	7	6	7	77.7812	21.5218	https://www.geonames.org/countries/CU/cuba.html	6	http://localhost:3000/ld/courses/00023	postgraduate	http:creativecommons.org/licenses/by/3.0/
35	Sintetico 00024	Sintetico 00024	3	basic	80	2017-01-10	2017-01-22	8	23	12	11	9	8	7	7	77.7812	21.5218	https://www.geonames.org/countries/CU/cuba.html	5	http://localhost:3000/ld/courses/00024	postgraduate	http:creativecommons.org/licenses/by/3.0/
36	Sintetico 00025	Sintetico 00025	2	basic	40	2017-01-10	2017-01-15	9	24	12	12	10	6	8	7	77.7812	21.5218	https://www.geonames.org/countries/CU/cuba.html	5	http://localhost:3000/ld/courses/00025	postgraduate	http:creativecommons.org/licenses/by/3.0/
37	Sintetico 00026	Sintetico 00026	3	basic	80	2017-01-10	2017-01-22	8	25	12	13	11	6	9	7	77.7812	21.5218	https://www.geonames.org/countries/CU/cuba.html	6	http://localhost:3000/ld/courses/00026	postgraduate	http:creativecommons.org/licenses/by/3.0/
38	Sintetico 00027	Sintetico 00027	2	basic	40	2017-01-10	2017-01-15	8	26	12	8	12	7	10	7	77.7812	21.5218	https://www.geonames.org/countries/CU/cuba.html	5	http://localhost:3000/ld/courses/00027	postgraduate	http:creativecommons.org/licenses/by/3.0/
39	Sintetico 00028	Sintetico 00028	3	basic	80	2017-01-10	2017-01-22	8	27	12	9	13	8	11	7	77.7812	21.5218	https://www.geonames.org/countries/CU/cuba.html	5	http://localhost:3000/ld/courses/00028	postgraduate	http:creativecommons.org/licenses/by/3.0/
40	Sintetico 00029	Sintetico 00029	2	basic	40	2017-01-10	2017-01-15	9	28	12	10	14	6	12	7	77.7812	21.5218	https://www.geonames.org/countries/CU/cuba.html	6	http://localhost:3000/ld/courses/00029	postgraduate	http:creativecommons.org/licenses/by/3.0/
41	Sintetico 00030	Sintetico	3	basic	80	2017-01-10	2017-01-22	8	29	12	11	15	6	6	7	77.7812	21.5218	https://www.geonames.org/countries/CU/cuba.html	5	http://localhost:3000/ld/courses/00030	postgraduate	http:creativecommons.org/licenses/by/3.0/
43	Sintetico 00031	Sintetico 00031	2	basic	40	2019-01-10	2019-01-15	8	30	12	12	16	7	7	7	77.7812	21.5218	https://www.geonames.org/countries/CU/cuba.html	5	http://localhost:3000/ld/courses/00031	postgraduate	http:creativecommons.org/licenses/by/3.0/
44	Sintetico 00032	Sintetico 00032	3	basic	80	2019-01-10	2019-01-22	8	31	12	13	17	8	8	7	77.7812	21.5218	https://www.geonames.org/countries/CU/cuba.html	6	http://localhost:3000/ld/courses/00032	postgraduate	http:creativecommons.org/licenses/by/3.0/
45	Sintetico 00033	Sintetico 00033	2	basic	40	2019-01-10	2019-01-15	9	32	12	8	18	6	9	7	77.7812	21.5218	https://www.geonames.org/countries/CU/cuba.html	5	http://localhost:3000/ld/courses/00033	postgraduate	http:creativecommons.org/licenses/by/3.0/
\.


--
-- Data for Name: courses_academicterms; Type: TABLE DATA; Schema: public; Owner: postgres
--

COPY public.courses_academicterms (id, courseid, academictermid) FROM stdin;
9	10	10
10	11	10
11	12	11
12	13	11
13	14	11
14	15	11
15	18	12
16	19	13
\.


--
-- Data for Name: courses_materials; Type: TABLE DATA; Schema: public; Owner: postgres
--

COPY public.courses_materials (id, courseid, materialid) FROM stdin;
4	10	6
5	11	7
6	12	8
7	14	10
8	15	11
9	18	12
10	19	13
\.


--
-- Data for Name: courses_students; Type: TABLE DATA; Schema: public; Owner: postgres
--

COPY public.courses_students (id, courseid, studentid) FROM stdin;
10	10	12
11	10	13
12	10	14
13	11	15
14	11	16
15	11	17
16	12	18
17	12	19
18	12	20
19	13	21
20	13	22
21	13	23
22	14	24
23	14	25
24	14	26
25	15	27
26	15	28
27	15	29
28	18	30
29	18	31
30	19	32
31	19	33
\.


--
-- Data for Name: courses_teachers; Type: TABLE DATA; Schema: public; Owner: postgres
--

COPY public.courses_teachers (id, courseid, teacherid) FROM stdin;
8	10	12
9	11	13
10	12	14
11	12	15
12	13	16
13	13	17
14	13	18
15	13	19
16	14	20
17	15	21
18	15	22
19	19	25
20	19	26
21	19	27
22	20	28
23	20	29
24	21	30
25	21	31
26	21	32
27	21	33
28	22	34
29	22	35
30	23	36
31	23	37
32	24	38
33	24	39
34	24	40
35	25	41
36	25	42
37	25	43
38	25	44
39	26	45
40	26	46
41	26	47
42	27	48
43	27	49
44	28	50
45	28	51
46	29	52
47	29	53
\.


--
-- Data for Name: departments; Type: TABLE DATA; Schema: public; Owner: postgres
--

COPY public.departments (id, denomination, description, uri) FROM stdin;
7	Deparment of Informatics	Deparment of Informatics (F3Informatics)	http://localhost:3000/ld/departments/F3Informatics
16	Deparment of Informatics	Deparment of Informatics (F3Informatics)	http://localhost:3000/ld/departments/F3Informatics
8	Deparment of Math	Deparment of Math (F3Math)	http://localhost:3000/ld/departments/F3Math
17	Deparment of Math	Deparment of Math (F3Math)	http://localhost:3000/ld/departments/F3Math
9	Department of Business Management	Department of Business Management (F3BM)	http://localhost:3000/ld/departments/F3BM
18	Department of Business Management	Department of Business Management (F3BM)	http://localhost:3000/ld/departments/F3BM
10	Deparment of Informatics	Deparment of Informatics (F1Informatics)	http://localhost:3000/ld/departments/F1Informatics
11	Deparment of Math	Deparment of Math (F1Math)	http://localhost:3000/ld/departments/F1Math
12	Department of Business Management	Department of Business Management (F1BM)	http://localhost:3000/ld/departments/F1BM
13	Deparment of Informatics	Deparment of Informatics (F2Informatics)	http://localhost:3000/ld/departments/F2Informatics
14	Deparment of Math	Deparment of Math (F2Math)	http://localhost:3000/ld/departments/F2Math
15	Department of Business Management	Department of Business Management (F2BM)	http://localhost:3000/ld/departments/F2BM
19	Deparment of Informatics	Deparment of Informatics (F4Informatics)	http://localhost:3000/ld/departments/F4Informatics
20	Deparment of Math	Deparment of Math (F4Math)	http://localhost:3000/ld/departments/F4Math
21	Department of Business Management	Department of Business Management (F4BM)	http://localhost:3000/ld/departments/F4BM
22	888888888888	333333333333	33333333333333
\.


--
-- Data for Name: faculties; Type: TABLE DATA; Schema: public; Owner: postgres
--

COPY public.faculties (id, denomination, description, uri) FROM stdin;
8	Faculty1	Faculty1	http://localhost:3000/ld/faculties/Faculty1
9	Faculty2	Faculty2	http://localhost:3000/ld/faculties/Faculty2
10	Faculty3	Faculty3	http://localhost:3000/ld/faculties/Faculty3
11	Faculty4	Faculty4	http://localhost:3000/ld/faculties/Faculty4
12	ciencias y tecnologias educacionales	ciencias y tecnologias educacionales	http://localhost:3000/ld/faculties/cte
13	facultad introductoria de las ciencias informaticas	facultad introductoria de las ciencias informaticas (fici)	http://localhost:3000/ld/faculties/fici
14	eeeeeeeeeeee	333333333333	33333333333333
\.


--
-- Data for Name: languages; Type: TABLE DATA; Schema: public; Owner: postgres
--

COPY public.languages (id, denomination, description, uri) FROM stdin;
8	spanish	spanish | castilian	http://id.loc.gov/vocabulary/iso639-1/es
9	english	english	http://id.loc.gov/vocabulary/iso639-1/en
\.


--
-- Data for Name: materials; Type: TABLE DATA; Schema: public; Owner: postgres
--

COPY public.materials (id, denomination, description, uri, extension, dir) FROM stdin;
6	Presentation of course 00001	Presentation of course 00001	http://localhost:3000/ld/materials/courses_materials/course_00001/01	PDF	public/courses_materials/Course_00001.pdf
7	Presentation of course 00002	Presentation of course 00002	http://localhost:3000/ld/materials/courses_materials/course_00002/01	PDF	public/courses_materials/Course_00002.pdf
8	Presentation of course 00003	Presentation of course 00003	http://localhost:3000/ld/materials/courses_materials/course_00003/01	PDF	public/courses_materials/Course_00003.pdf
9	Presentation of course 00004	Presentation of course 00004	http://localhost:3000/ld/materials/courses_materials/course_00004/01	PDF	public/courses_materials/Course_00004.pdf
10	Presentation of course 00005	Presentation of course 00005	http://localhost:3000/ld/materials/courses_materials/course_00005/01	PDF	public/courses_materials/Course_00005.pdf
11	Presentation of course 00006	Presentation of course 00006	http://localhost:3000/ld/materials/courses_materials/course_00006/01	PDF	public/courses_materials/Course_00006.pdf
12	Presentation of course 00007	Presentation of course 00007	http://localhost:3000/ld/materials/courses_materials/course_00007/01	PDF	public/courses_materials/Course_00007.pdf
13	Presentation of course 00008	Presentation of course 00008	http://localhost:3000/ld/materials/courses_materials/course_00008/01	PDF	public/courses_materials/Course_00008.pdf
\.


--
-- Data for Name: rooms; Type: TABLE DATA; Schema: public; Owner: postgres
--

COPY public.rooms (id, denomination, description, uri) FROM stdin;
27	classroom02307	classromm	http://localhost:3000/ld/rooms/classroom02307
28	hall02401	hall	http://localhost:3000/ld/rooms/hall02401
29	hall02402	hall	http://localhost:3000/ld/rooms/hall02402
30	hall02403	hall	http://localhost:3000/ld/rooms/hall02403
31	hall02404	hall	http://localhost:3000/ld/rooms/hall02404
32	hall02405	hall	http://localhost:3000/ld/rooms/hall02405
33	lab02101	lab	http://localhost:3000/ld/rooms/lab02101
34	lab02102	lab	http://localhost:3000/ld/rooms/lab02102
35	lab02104	lab	http://localhost:3000/ld/rooms/lab02104
36	lab02105	lab	http://localhost:3000/ld/rooms/lab02105
37	lab02106	lab	http://localhost:3000/ld/rooms/lab02106
38	lab02107	lab	http://localhost:3000/ld/rooms/lab02107
39	lab02201	lab	http://localhost:3000/ld/rooms/lab02201
40	lab02202	lab	http://localhost:3000/ld/rooms/lab02202
41	lab02203	lab	http://localhost:3000/ld/rooms/lab02203
42	lab02204	lab	http://localhost:3000/ld/rooms/lab02204
43	lab02205	lab	http://localhost:3000/ld/rooms/lab02205
44	lab02206	lab	http://localhost:3000/ld/rooms/lab02206
45	lab02207	lab	http://localhost:3000/ld/rooms/lab02207
46	lab02301	lab	http://localhost:3000/ld/rooms/lab02301
7	classroom02101	classromm	http://localhost:3000/ld/rooms/classroom02101
8	classroom02102	classromm	http://localhost:3000/ld/rooms/classroom02102
47	lab02302	lab	http://localhost:3000/ld/rooms/lab02302
10	classroom02104	classromm	http://localhost:3000/ld/rooms/classroom02104
9	classroom02103	classromm	http://localhost:3000/ld/rooms/classroom02103
11	classroom02105	classromm	http://localhost:3000/ld/rooms/classroom02105
12	classroom02106	classromm	http://localhost:3000/ld/rooms/classroom02106
13	classroom02107	classromm	http://localhost:3000/ld/rooms/classroom02107
14	classroom02201	classromm	http://localhost:3000/ld/rooms/classroom02201
15	classroom02202	classromm	http://localhost:3000/ld/rooms/classroom02202
16	classroom02203	classromm	http://localhost:3000/ld/rooms/classroom02203
17	classroom02204	classromm	http://localhost:3000/ld/rooms/classroom02204
18	classroom02205	classromm	http://localhost:3000/ld/rooms/classroom02205
19	classroom02206	classromm	http://localhost:3000/ld/rooms/classroom02206
20	classroom02207	classromm	http://localhost:3000/ld/rooms/classroom02207
21	classroom02301	classromm	http://localhost:3000/ld/rooms/classroom02301
22	classroom02302	classromm	http://localhost:3000/ld/rooms/classroom02302
23	classroom02303	classromm	http://localhost:3000/ld/rooms/classroom02303
24	classroom02304	classromm	http://localhost:3000/ld/rooms/classroom02304
25	classroom02305	classromm	http://localhost:3000/ld/rooms/classroom02305
26	classroom02306	classromm	http://localhost:3000/ld/rooms/classroom02306
48	lab02303	lab	http://localhost:3000/ld/rooms/lab02303
49	lab02304	lab	http://localhost:3000/ld/rooms/lab02304
50	lab02305	lab	http://localhost:3000/ld/rooms/lab02305
51	lab02306	lab	http://localhost:3000/ld/rooms/lab02306
52	lab02307	lab	http://localhost:3000/ld/rooms/lab02307
55	lab02103	lab	http://localhost:3000/ld/rooms/lab02103
\.


--
-- Data for Name: students; Type: TABLE DATA; Schema: public; Owner: postgres
--

COPY public.students (id, name, username, faculty, uri) FROM stdin;
13	Alejandro Perdomo Vergara	apvergara	Faculty3	http://localhost:3000/ld/teachers/apvergara
14	Enier Alarcon Barban 	barban	Faculty3	http://localhost:3000/ld/teachers/barban
15	Carlos Amador Puentes Cruz	carlospc	Faculty3	http://localhost:3000/ld/teachers/carlospc
16	Claudia Rojas Maxan	crojas	Faculty3	http://localhost:3000/ld/teachers/crojas
17	David Alejandro Martinez Perez	dmartinezp	Faculty3	http://localhost:3000/ld/teachers/dmartinezp
18	Guillermo Manuel Negrin Ortiz	gmnegrin	Faculty3	http://localhost:3000/ld/teachers/gmnegrin
22	Miguel Autberto Jimenez Benzol 	majimenez	Faculty3	http://localhost:3000/ld/teachers/majimenez
24	Pedro Arango Astorga	parango	Faculty3	http://localhost:3000/ld/teachers/parango
28	Yadira Garcia Garcia	yggarcia	Faculty3	http://localhost:3000/ld/teachers/yggarcia
29	Yusniel Hidalgo Delgado	yhdelgado	Faculty3	http://localhost:3000/ld/teachers/yhdelgado
30	Aldis Joan Abreu Medina 	ajabreu	Faculty3	http://localhost:3000/ld/teachers/ajabreu
31	Carlos Manuel Santana Suarez	carlos	Faculty3	http://localhost:3000/ld/teachers/carlos
32	Gaspar Melchor Gonzalez Font	gasparm	Faculty3	http://localhost:3000/ld/teachers/gasparm
33	Karelys Borges Beato	sylerak	Faculty3	http://localhost:3000/ld/teachers/sylerak
20	Julio Cesar Diaz Vera 	jcdiaz	Faculty3	http://localhost:3000/ld/teachers/jcdiaz
12	Ana Marys Garcia Rodriguez	agarcia	Faculty3	http://localhost:3000/ld/teachers/agarcia
19	Handy Hernandez Dalmau	hdalmau	Faculty3	http://localhost:3000/ld/teachers/hdalmau
21	Josue Rivera Riquenes	jrivera	Faculty3	http://localhost:3000/ld/teachers/jrivera
25	Yoan Antonio Lopez Rodriguez	yalopez	Faculty3	http://localhost:3000/ld/teachers/yalopez
26	Yarina Amoroso Fernandez	yarina	Faculty3	http://localhost:3000/ld/teachers/yarina
27	Yadian Guillermo Perez Betancourt	ygbetancourt	Faculty3	http://localhost:3000/ld/teachers/ygbetancourt
23	Marieta Pena Abreu	mpabreu	Faculty3	http://localhost:3000/ld/teachers/mpabreu
\.


--
-- Data for Name: subjects; Type: TABLE DATA; Schema: public; Owner: postgres
--

COPY public.subjects (id, denomination, description, code_acm_ccs, uci_uri, ou_cso_uri) FROM stdin;
33	artificial intelligence	artificial intelligence	I.2	https://localhost:3000/ld/subjects/artificial_intelligence	https://cso.kmi.open.ac.uk/topics/artificial_intelligence
29	cybersecurity	cybersecurity	C.2.6	http://localhost:3000/ld/subjects/cybersecurity	https://cso.kmi.open.ac.uk/topics/security_attacks
34	big data	big data	I	http://localhost:3000/ld.uci.cu/subjects/big_data	https://cso.kmi.open.ac.uk/topics/big_data
35	nnnnnnnn	nnnnnnnn	nnnnnnnn	nnnnnnnn	nnnnnnnn
21	educational informatics	educational informatics	K.3.2	http://localhost:3000/ld/subjects/educational_informatics	https://cso.kmi.open.ac.uk/topics/e-learning_system
22	knowledge management 	knowledge management	K.6.1	http://localhost:3000/ld/subjects/knowledge_management	https://cso.kmi.open.ac.uk/topics/engineering_research
23	business management 	business management	K.1	http://localhost:3000/ld/subjects/business_management	https://cso.kmi.open.ac.uk/topics/enterprise_architecture
24	software_quality	software_quality	D.2.4	http://localhost:3000/ld/subjects/software_quality	https://cso.kmi.open.ac.uk/topics/quality_of_softwares
25	english teaching	english teaching	K.7.3	http://localhost:3000/ld/subjects/english_teaching	https://cso.kmi.open.ac.uk/topics/english_teaching
26	video games	video games	H.4.2	http://localhost:3000/ld/subjects/video_games	https://cso.kmi.open.ac.uk/topics/game_development
27	postgres	postgres	H.2.3	http://localhost:3000/ld/subjects/postgres	https://cso.kmi.open.ac.uk/topics/database_management
28	web positioning 	web positioning 	J.1	http://localhost:3000/ld/subjects/web_positioning	https://cso.kmi.open.ac.uk/topics/web_information_extraction
32	cryptography	cryptography	E.3	http://localhost:3000/ld/subjects/cryptography	
30	neural network	neural network	I.2	http://localhost:3000/ld/subjects/neural_network	https://cso.kmi.open.ac.uk/topics/artificial_neural_network_models
31	word computing	word computing	I.2	http://localhost:3000/ld/subjects/word_computing	https://cso.kmi.open.ac.uk/topics/computing_with_words
36	ppppppppppp	nnnnnnnn	nnnnnnnn	nnnnnnnn	nnnnnnnn
37	iiiiiiiiiiiiii	nnnnnnnn	nnnnnnnn	nnnnnnnn	nnnnnnnn
\.


--
-- Data for Name: teachers; Type: TABLE DATA; Schema: public; Owner: postgres
--

COPY public.teachers (id, name, username, uri) FROM stdin;
30	Ivonne de la Caridad Collada Pena	yvonne	http://localhost:3000/ld/teachers/yvonne
31	Pedro Castro Alvarez	pcastro	http://localhost:3000/ld/teachers/pcastro
32	Marisol Patterson Pena	marisol	http://localhost:3000/ld/teachers/marisol
33	Matilde Leonor Patterson Pena	matildelpp	http://localhost:3000/ld/teachers/matildelpp
34	Yadira Ramirez Rodriguez	yramirezr	http://localhost:3000/ld/teachers/yramirezr
35	Omar Correa Madrigal	ocorrea	http://localhost:3000/ld/teachers/ocorrea
36	Yaniel Lazaro Aragon Barreda	yaniell	http://localhost:3000/ld/teachers/yaniell
37	Yaili Ledea Velazquez	yledea	http://localhost:3000/ld/teachers/yledea
38	Dunia Castillo Cedeno	dcolome	http://localhost:3000/ld/teachers/dcolome
39	Arianna Argelia Gonzalez Santos	ariannaags	http://localhost:3000/ld/teachers/ariannaags
40	Lissette Valdes Garcia	lvaldesg	http://localhost:3000/ld/teachers/lvaldesg
41	Henry Raul Gonzalez Brito	henryraul	http://localhost:3000/ld/teachers/henryraul
42	Walter Baluja Garcia	walterb	http://localhost:3000/ld/teachers/walterb
43	Raydel Montesino Perurena	raydelmp	http://localhost:3000/ld/teachers/raydelmp
56	tttttttttt	jjjjjjjjjjj	ggggggggggg
44	Dainys Gainza Reyes	dgainza	http://localhost:3000/ld/teachers/dgainza
45	Angel Alberto Vazquez Sanchez	aavazquez	http://localhost:3000/ld/teachers/aavazquez
46	Orlando Gabril Toledano Lopez	ogtoledano	http://localhost:3000/ld/teachers/ogtoledano
47	Hector Raul Gonzalez Diez	hglez	http://localhost:3000/ld/teachers/hglez
48	Osviel Rodriguez Valdes	osviel	http://localhost:3000/ld/teachers/osviel
57	ttttttthhhh	jjjjjjjjjjj	ggggggggggg
49	Oristela Cuellar Justi	oristelacj	http://localhost:3000/ld/teachers/oristelacj
50	Jairo Rojas Delgado	jrdelgado	http://localhost:3000/ld/teachers/jrdelgado
51	Gerdys Ernesto Jimenez Moya	gejimenez	http://localhost:3000/ld/teachers/gejimenez
52	Yeleny Zulueta Veliz	yeleny	http://localhost:3000/ld/teachers/yeleny
53	Rosa Maria Marin Rodriguez	rmmarin	http://localhost:3000/ld/teachers/rmmarin
12	Ivan Perez Mallea	mallea	http://localhost:3000/ld/teachers/mallea
13	Febe Angel Ciudad Ricardo	fciudad	http://localhost:3000/ld/teachers/fciudad
14	Vivian Estrada Senti	vivian	http://localhost:3000/ld/teachers/vivian
15	Ailec Granda Dihigo	agranda	http://localhost:3000/ld/teachers/agranda
16	Pedro Yobanis Pineiro Perez	ppp	http://localhost:3000/ld/teachers/ppp
17	Surayne Torres Lopez	storres	http://localhost:3000/ld/teachers/storres
18	Nayma Martin Amaro	nayma	http://localhost:3000/ld/teachers/nayma
19	Iliana Perez Pupo	iperez	http://localhost:3000/ld/teachers/iperez
20	Ivonne Burguet Lago	iburguet	http://localhost:3000/ld/teachers/iburguet
21	Beatriz Aragon Fernandez	beatriz	http://localhost:3000/ld/teachers/beatriz
22	Sandy Diaz	sdiaz	http://localhost:3000/ld/teachers/sdiaz
23	Juan Antonio Plasencia Soler	juanps	http://localhost:3000/ld/teachers/juanps
24	Fernando Marrero Delgado	fernandomd	http://localhost:3000/ld/teachers/fernandomd
25	Yaimi Trujillo Castanola	yaimi	http://localhost:3000/ld/teachers/yaimi
26	Aymara Marin Diaz	amarin	http://localhost:3000/ld/teachers/amarin
27	Ismaila Sotolongo	isotolongo	http://localhost:3000/ld/teachers/isotolongo
28	Odiel Estrada Molina	oestrada	http://localhost:3000/ld/teachers/oestrada
29	Dieter Reynaldo Fuentes Cancell	dieter	http://localhost:3000/ld/teachers/dieter
\.


--
-- Data for Name: teachingmethods; Type: TABLE DATA; Schema: public; Owner: postgres
--

COPY public.teachingmethods (id, denomination, description, uri, uri_ac_uk) FROM stdin;
6	Teaching large groups	Consider ways to make your lectures more impactful and engaging.	http://localhost:3000/ld/teachingmethods/tlg	https://www2.le.ac.uk/offices/lli/developing-learning-and-teaching/enhance/strategies/large-groups
7	Small group teaching	Explore the facilitator skills required and how to avoid potentially \n        difficult scenarios when students are working in small groups.	http://localhost:3000/ld/teachingmethods/sgt	https://www2.le.ac.uk/offices/lli/developing-learning-and-teaching/enhance/strategies/small-group
8	Demonstrating in practical classes	Explore the key learning aims of practical classes and how to get learners to effectively engage with them.	http://localhost:3000/ld/teachingmethods/dpc	https://www2.le.ac.uk/offices/lli/developing-learning-and-teaching/enhance/strategies/practical
\.


--
-- Data for Name: universities; Type: TABLE DATA; Schema: public; Owner: postgres
--

COPY public.universities (id, denomination, description, uri, uri_red) FROM stdin;
12	University of Informatics Science	University of Informatics Science...	http://localhost:3000/ld/universities/uci	http://www.uci.cu/
13	Central University Marta Abreu de Las Villas	Central University Marta Abreu de Las Villas...	http://localhost:3000/ld/universities/ucl	https://www.uclv.edu.cu/
14	University of Havana	University of Havana...	http://localhost:3000/ld/universities/uh	http://www.uh.cu/
15	University Center Jose Antonio Echeverria	University Center Jose Antonio Echeverria...	http://localhost:3000/ld/universities/cujae	https://cujae.edu.cu/
16	Eastern University	Eastern University...	http://localhost:3000/ld/universities/uo	https://www.uo.edu.cu/
17	University of Pinar del Rio	University of Pinar del Rio...	http://localhost:3000/ld/universities/upr	http://www.upr.edu.cu/
18	University of Isla de la Juventud	University of Isla de la Juventud...	http://localhost:3000/ld/universities/uij	https://www.uij.edu.cu/
20	University of Artemisa	University of Artemisa...	http://localhost:3000/ld/universities/ua	http://intranet.uart.edu.cu
21	University of Matanzas	University of Matanzas...	http://localhost:3000/ld/universities/umcc	http://intranet.umcc.cu/
22	University of Santi Spiritus	University of Santi Spiritus...	http://localhost:3000/ld/universities/uniss	https://www.uniss.edu.cu/
23	University of Cienfuegos	University of Cienfuegos...	http://localhost:3000/ld/universities/ucf	https://www.ucf.edu.cu/
24	University of Ciego de Avila	University of Ciego de Avila...	http://localhost:3000/ld/universities/unica	http://www.unica.edu.cu/
25	University of Camaguey	University of Camaguey...	http://localhost:3000/ld/universities/uc	https://www.reduc.edu.cu/
26	University of las Tunas	University of las Tunas...	http://localhost:3000/ld/universities/ult	http://www.ult.edu.cu/
29	University of Holguin	University of Holguin...	http://localhost:3000/ld/universities/uho	http://www.uho.edu.cu/
28	University of Guantanamo	University of Guantanamo...	http://localhost:3000/ld/universities/cug	http://www.cug.co.cu/
27	University of Granma	University of Granma...	http://localhost:3000/ld/universities/udg	https://www.udg.co.cu/
32	555555555555555555	555555555555	444444444444444	444444444444
\.


--
-- Name: academicterms_id_seq; Type: SEQUENCE SET; Schema: public; Owner: postgres
--

SELECT pg_catalog.setval('public.academicterms_id_seq', 23, true);


--
-- Name: assessmentmethods_id_seq; Type: SEQUENCE SET; Schema: public; Owner: postgres
--

SELECT pg_catalog.setval('public.assessmentmethods_id_seq', 20, true);


--
-- Name: buildings_id_seq; Type: SEQUENCE SET; Schema: public; Owner: postgres
--

SELECT pg_catalog.setval('public.buildings_id_seq', 13, true);


--
-- Name: courses_academicterms_id_seq; Type: SEQUENCE SET; Schema: public; Owner: postgres
--

SELECT pg_catalog.setval('public.courses_academicterms_id_seq', 17, true);


--
-- Name: courses_id_seq; Type: SEQUENCE SET; Schema: public; Owner: postgres
--

SELECT pg_catalog.setval('public.courses_id_seq', 47, true);


--
-- Name: courses_materials_id_seq; Type: SEQUENCE SET; Schema: public; Owner: postgres
--

SELECT pg_catalog.setval('public.courses_materials_id_seq', 11, true);


--
-- Name: courses_students_id_seq; Type: SEQUENCE SET; Schema: public; Owner: postgres
--

SELECT pg_catalog.setval('public.courses_students_id_seq', 32, true);


--
-- Name: courses_teachers_id_seq; Type: SEQUENCE SET; Schema: public; Owner: postgres
--

SELECT pg_catalog.setval('public.courses_teachers_id_seq', 50, true);


--
-- Name: departments_id_seq; Type: SEQUENCE SET; Schema: public; Owner: postgres
--

SELECT pg_catalog.setval('public.departments_id_seq', 22, true);


--
-- Name: faculties_id_seq; Type: SEQUENCE SET; Schema: public; Owner: postgres
--

SELECT pg_catalog.setval('public.faculties_id_seq', 14, true);


--
-- Name: languages_id_seq; Type: SEQUENCE SET; Schema: public; Owner: postgres
--

SELECT pg_catalog.setval('public.languages_id_seq', 10, true);


--
-- Name: materials_id_seq; Type: SEQUENCE SET; Schema: public; Owner: postgres
--

SELECT pg_catalog.setval('public.materials_id_seq', 14, true);


--
-- Name: rooms_id_seq; Type: SEQUENCE SET; Schema: public; Owner: postgres
--

SELECT pg_catalog.setval('public.rooms_id_seq', 56, true);


--
-- Name: students_id_seq; Type: SEQUENCE SET; Schema: public; Owner: postgres
--

SELECT pg_catalog.setval('public.students_id_seq', 34, true);


--
-- Name: subjects_id_seq; Type: SEQUENCE SET; Schema: public; Owner: postgres
--

SELECT pg_catalog.setval('public.subjects_id_seq', 37, true);


--
-- Name: teachers_id_seq; Type: SEQUENCE SET; Schema: public; Owner: postgres
--

SELECT pg_catalog.setval('public.teachers_id_seq', 57, true);


--
-- Name: teachingmethods_id_seq; Type: SEQUENCE SET; Schema: public; Owner: postgres
--

SELECT pg_catalog.setval('public.teachingmethods_id_seq', 9, true);


--
-- Name: universities_id_seq; Type: SEQUENCE SET; Schema: public; Owner: postgres
--

SELECT pg_catalog.setval('public.universities_id_seq', 32, true);


--
-- Name: academicterms academicterms_pkey; Type: CONSTRAINT; Schema: public; Owner: postgres
--

ALTER TABLE ONLY public.academicterms
    ADD CONSTRAINT academicterms_pkey PRIMARY KEY (id);


--
-- Name: assessmentmethods assessmentmethods_pkey; Type: CONSTRAINT; Schema: public; Owner: postgres
--

ALTER TABLE ONLY public.assessmentmethods
    ADD CONSTRAINT assessmentmethods_pkey PRIMARY KEY (id);


--
-- Name: buildings buildings_pkey; Type: CONSTRAINT; Schema: public; Owner: postgres
--

ALTER TABLE ONLY public.buildings
    ADD CONSTRAINT buildings_pkey PRIMARY KEY (id);


--
-- Name: courses_academicterms courses_academicterms_pkey; Type: CONSTRAINT; Schema: public; Owner: postgres
--

ALTER TABLE ONLY public.courses_academicterms
    ADD CONSTRAINT courses_academicterms_pkey PRIMARY KEY (id);


--
-- Name: courses_materials courses_materials_pkey; Type: CONSTRAINT; Schema: public; Owner: postgres
--

ALTER TABLE ONLY public.courses_materials
    ADD CONSTRAINT courses_materials_pkey PRIMARY KEY (id);


--
-- Name: courses courses_pkey; Type: CONSTRAINT; Schema: public; Owner: postgres
--

ALTER TABLE ONLY public.courses
    ADD CONSTRAINT courses_pkey PRIMARY KEY (id);


--
-- Name: courses_students courses_students_pkey; Type: CONSTRAINT; Schema: public; Owner: postgres
--

ALTER TABLE ONLY public.courses_students
    ADD CONSTRAINT courses_students_pkey PRIMARY KEY (id);


--
-- Name: courses_teachers courses_teachers_pkey; Type: CONSTRAINT; Schema: public; Owner: postgres
--

ALTER TABLE ONLY public.courses_teachers
    ADD CONSTRAINT courses_teachers_pkey PRIMARY KEY (id);


--
-- Name: departments departments_pkey; Type: CONSTRAINT; Schema: public; Owner: postgres
--

ALTER TABLE ONLY public.departments
    ADD CONSTRAINT departments_pkey PRIMARY KEY (id);


--
-- Name: faculties faculties_pkey; Type: CONSTRAINT; Schema: public; Owner: postgres
--

ALTER TABLE ONLY public.faculties
    ADD CONSTRAINT faculties_pkey PRIMARY KEY (id);


--
-- Name: languages languages_pkey; Type: CONSTRAINT; Schema: public; Owner: postgres
--

ALTER TABLE ONLY public.languages
    ADD CONSTRAINT languages_pkey PRIMARY KEY (id);


--
-- Name: materials materials_pkey; Type: CONSTRAINT; Schema: public; Owner: postgres
--

ALTER TABLE ONLY public.materials
    ADD CONSTRAINT materials_pkey PRIMARY KEY (id);


--
-- Name: rooms rooms_pkey; Type: CONSTRAINT; Schema: public; Owner: postgres
--

ALTER TABLE ONLY public.rooms
    ADD CONSTRAINT rooms_pkey PRIMARY KEY (id);


--
-- Name: students students_pkey; Type: CONSTRAINT; Schema: public; Owner: postgres
--

ALTER TABLE ONLY public.students
    ADD CONSTRAINT students_pkey PRIMARY KEY (id);


--
-- Name: subjects subjects_pkey; Type: CONSTRAINT; Schema: public; Owner: postgres
--

ALTER TABLE ONLY public.subjects
    ADD CONSTRAINT subjects_pkey PRIMARY KEY (id);


--
-- Name: teachers teachers_pkey; Type: CONSTRAINT; Schema: public; Owner: postgres
--

ALTER TABLE ONLY public.teachers
    ADD CONSTRAINT teachers_pkey PRIMARY KEY (id);


--
-- Name: teachingmethods teachingmethods_pkey; Type: CONSTRAINT; Schema: public; Owner: postgres
--

ALTER TABLE ONLY public.teachingmethods
    ADD CONSTRAINT teachingmethods_pkey PRIMARY KEY (id);


--
-- Name: universities universities_pkey; Type: CONSTRAINT; Schema: public; Owner: postgres
--

ALTER TABLE ONLY public.universities
    ADD CONSTRAINT universities_pkey PRIMARY KEY (id);


--
-- Name: courses_academicterms courses_academicterms_academictermid_fkey; Type: FK CONSTRAINT; Schema: public; Owner: postgres
--

ALTER TABLE ONLY public.courses_academicterms
    ADD CONSTRAINT courses_academicterms_academictermid_fkey FOREIGN KEY (academictermid) REFERENCES public.academicterms(id);


--
-- Name: courses_academicterms courses_academicterms_courseid_fkey; Type: FK CONSTRAINT; Schema: public; Owner: postgres
--

ALTER TABLE ONLY public.courses_academicterms
    ADD CONSTRAINT courses_academicterms_courseid_fkey FOREIGN KEY (courseid) REFERENCES public.courses(id);


--
-- Name: courses courses_assessmentmethodid_fkey; Type: FK CONSTRAINT; Schema: public; Owner: postgres
--

ALTER TABLE ONLY public.courses
    ADD CONSTRAINT courses_assessmentmethodid_fkey FOREIGN KEY (assessmentmethodid) REFERENCES public.assessmentmethods(id);


--
-- Name: courses courses_buildingid_fkey; Type: FK CONSTRAINT; Schema: public; Owner: postgres
--

ALTER TABLE ONLY public.courses
    ADD CONSTRAINT courses_buildingid_fkey FOREIGN KEY (buildingid) REFERENCES public.buildings(id);


--
-- Name: courses courses_departmentid_fkey; Type: FK CONSTRAINT; Schema: public; Owner: postgres
--

ALTER TABLE ONLY public.courses
    ADD CONSTRAINT courses_departmentid_fkey FOREIGN KEY (departmentid) REFERENCES public.departments(id);


--
-- Name: courses courses_facultyid_fkey; Type: FK CONSTRAINT; Schema: public; Owner: postgres
--

ALTER TABLE ONLY public.courses
    ADD CONSTRAINT courses_facultyid_fkey FOREIGN KEY (facultyid) REFERENCES public.faculties(id);


--
-- Name: courses courses_languageid_fkey; Type: FK CONSTRAINT; Schema: public; Owner: postgres
--

ALTER TABLE ONLY public.courses
    ADD CONSTRAINT courses_languageid_fkey FOREIGN KEY (languageid) REFERENCES public.languages(id);


--
-- Name: courses_materials courses_materials_courseid_fkey; Type: FK CONSTRAINT; Schema: public; Owner: postgres
--

ALTER TABLE ONLY public.courses_materials
    ADD CONSTRAINT courses_materials_courseid_fkey FOREIGN KEY (courseid) REFERENCES public.courses(id);


--
-- Name: courses_materials courses_materials_materialid_fkey; Type: FK CONSTRAINT; Schema: public; Owner: postgres
--

ALTER TABLE ONLY public.courses_materials
    ADD CONSTRAINT courses_materials_materialid_fkey FOREIGN KEY (materialid) REFERENCES public.materials(id);


--
-- Name: courses courses_roomid_fkey; Type: FK CONSTRAINT; Schema: public; Owner: postgres
--

ALTER TABLE ONLY public.courses
    ADD CONSTRAINT courses_roomid_fkey FOREIGN KEY (roomid) REFERENCES public.rooms(id);


--
-- Name: courses_students courses_students_courseid_fkey; Type: FK CONSTRAINT; Schema: public; Owner: postgres
--

ALTER TABLE ONLY public.courses_students
    ADD CONSTRAINT courses_students_courseid_fkey FOREIGN KEY (courseid) REFERENCES public.courses(id);


--
-- Name: courses_students courses_students_studentid_fkey; Type: FK CONSTRAINT; Schema: public; Owner: postgres
--

ALTER TABLE ONLY public.courses_students
    ADD CONSTRAINT courses_students_studentid_fkey FOREIGN KEY (studentid) REFERENCES public.students(id);


--
-- Name: courses courses_subjectid_fkey; Type: FK CONSTRAINT; Schema: public; Owner: postgres
--

ALTER TABLE ONLY public.courses
    ADD CONSTRAINT courses_subjectid_fkey FOREIGN KEY (subjectid) REFERENCES public.subjects(id);


--
-- Name: courses_teachers courses_teachers_courseid_fkey; Type: FK CONSTRAINT; Schema: public; Owner: postgres
--

ALTER TABLE ONLY public.courses_teachers
    ADD CONSTRAINT courses_teachers_courseid_fkey FOREIGN KEY (courseid) REFERENCES public.courses(id);


--
-- Name: courses_teachers courses_teachers_teacherid_fkey; Type: FK CONSTRAINT; Schema: public; Owner: postgres
--

ALTER TABLE ONLY public.courses_teachers
    ADD CONSTRAINT courses_teachers_teacherid_fkey FOREIGN KEY (teacherid) REFERENCES public.teachers(id);


--
-- Name: courses courses_teachingmethodid_fkey; Type: FK CONSTRAINT; Schema: public; Owner: postgres
--

ALTER TABLE ONLY public.courses
    ADD CONSTRAINT courses_teachingmethodid_fkey FOREIGN KEY (teachingmethodid) REFERENCES public.teachingmethods(id);


--
-- Name: courses courses_universityid_fkey; Type: FK CONSTRAINT; Schema: public; Owner: postgres
--

ALTER TABLE ONLY public.courses
    ADD CONSTRAINT courses_universityid_fkey FOREIGN KEY (universityid) REFERENCES public.universities(id);


--
-- PostgreSQL database dump complete
--

